topology,path,tokens_per_rank,round,ll_dispatch_p50_us,ll_dispatch_p95_us,ll_combine_p50_us,ll_combine_p95_us,ll_ep_p50_us,ll_ep_p95_us,v2_dispatch_p50_us,v2_dispatch_p95_us,v2_combine_p50_us,v2_combine_p95_us,v2_ep_p50_us,v2_ep_p95_us,speedup_ep_p50
2n8,hybrid,8,1,77.8,110.0,60.7,66.5,138.5,176.4,46.9,47.8,81.0,82.8,127.8,130.6,1.08
2n8,hybrid,8,2,225.0,245.2,66.0,111.9,291.0,357.1,46.7,47.7,80.6,82.4,127.3,130.1,2.29
2n8,hybrid,8,3,113.9,229.9,81.1,105.5,195.0,335.4,46.6,47.7,80.7,82.7,127.3,130.4,1.53
2n8,hybrid,16,1,222.7,246.7,115.6,127.4,338.3,374.1,49.4,50.5,83.8,85.6,133.2,136.1,2.54
2n8,hybrid,16,2,216.7,232.3,103.9,114.8,320.6,347.1,49.4,50.7,84.0,86.0,133.4,136.6,2.40
2n8,hybrid,16,3,107.9,156.5,110.3,137.9,218.2,294.4,49.3,50.6,84.0,86.0,133.3,136.5,1.64
2n8,hybrid,32,1,129.1,164.5,136.3,173.9,265.5,338.4,55.9,57.2,101.7,103.4,157.6,160.6,1.68
2n8,hybrid,32,2,176.0,246.8,158.2,178.7,334.3,425.5,56.0,57.2,102.0,103.4,157.9,160.6,2.12
2n8,hybrid,32,3,164.1,188.1,159.6,183.2,323.7,371.3,55.9,57.3,102.0,103.4,157.9,160.7,2.05
2n8,hybrid,64,1,275.2,301.8,220.8,240.2,496.0,541.9,67.1,68.5,133.8,135.4,200.9,204.0,2.47
2n8,hybrid,64,2,289.2,321.7,209.5,221.9,498.6,543.6,67.2,68.8,133.7,135.0,200.8,203.8,2.48
2n8,hybrid,64,3,160.3,238.3,180.3,254.1,340.6,492.3,67.2,68.6,133.8,135.0,200.9,203.6,1.70
2n8,hybrid,128,1,268.5,1385.8,325.2,1549.4,593.7,2935.1,92.9,94.3,213.6,215.6,306.5,309.9,1.94
2n8,hybrid,128,2,222.4,269.4,247.4,294.5,469.8,563.9,93.1,94.7,213.6,215.4,306.8,310.1,1.53
2n8,hybrid,128,3,271.1,335.8,290.2,357.6,561.3,693.3,92.9,94.6,213.8,215.7,306.8,310.3,1.83
2n4,hybrid,8,1,69.5,236.4,62.6,75.5,132.1,311.9,46.2,47.2,71.0,74.0,117.2,121.3,1.13
2n4,hybrid,8,2,76.7,131.6,64.6,75.2,141.3,206.8,46.2,47.2,71.0,74.0,117.2,121.2,1.21
2n4,hybrid,8,3,59.9,86.8,52.6,66.5,112.4,153.3,46.2,47.2,70.9,73.6,117.2,120.8,0.96
2n4,hybrid,16,1,69.5,91.4,68.0,81.4,137.5,172.8,46.9,47.8,76.9,78.7,123.8,126.5,1.11
2n4,hybrid,16,2,68.2,129.1,68.5,84.1,136.6,213.2,46.7,47.7,76.7,78.5,123.4,126.2,1.11
2n4,hybrid,16,3,145.4,257.6,79.0,92.1,224.4,349.8,46.9,47.9,76.9,78.4,123.8,126.3,1.81
2n4,hybrid,32,1,245.3,261.3,116.5,120.1,361.8,381.4,53.3,54.4,89.9,91.6,143.2,146.0,2.53
2n4,hybrid,32,2,85.6,123.7,95.0,119.1,180.6,242.7,53.3,54.4,89.6,91.2,142.9,145.6,1.26
2n4,hybrid,32,3,246.7,267.4,117.5,124.5,364.2,391.9,53.3,54.4,89.8,91.3,143.1,145.7,2.54
2n4,hybrid,64,1,178.5,191.2,180.6,195.3,359.1,386.5,64.6,66.5,117.4,119.0,182.1,185.4,1.97
2n4,hybrid,64,2,256.7,271.7,192.4,196.1,449.2,467.9,64.7,66.4,117.4,119.0,182.1,185.4,2.47
2n4,hybrid,64,3,242.1,260.9,189.9,195.7,432.0,456.5,64.6,66.5,117.4,119.0,182.0,185.5,2.37
2n4,hybrid,128,1,181.6,250.5,235.9,301.8,417.5,552.2,87.5,89.2,177.5,178.9,265.0,268.0,1.58
2n4,hybrid,128,2,218.5,257.4,265.7,303.9,484.2,561.3,87.7,89.3,177.4,178.6,265.1,267.9,1.83
2n4,hybrid,128,3,283.8,303.1,294.8,303.3,578.6,606.4,87.5,89.4,177.5,179.2,265.0,268.6,2.18
1n8,direct,8,1,33.6,41.6,30.0,43.0,63.6,84.5,14.9,15.6,13.2,13.8,28.1,29.4,2.26
1n8,direct,8,2,38.9,41.8,39.0,42.4,77.9,84.2,14.9,15.3,13.1,13.4,28.0,28.7,2.78
1n8,direct,8,3,33.2,41.7,29.8,42.0,63.0,83.7,14.9,15.3,13.2,13.4,28.1,28.7,2.24
1n8,direct,16,1,34.7,38.6,34.5,38.4,69.1,77.0,16.7,17.4,15.3,15.8,31.9,33.2,2.16
1n8,direct,16,2,34.6,43.1,33.6,46.1,68.2,89.2,16.7,17.1,15.2,15.6,31.8,32.6,2.14
1n8,direct,16,3,35.0,38.6,34.5,39.1,69.5,77.7,16.6,17.1,15.1,15.6,31.8,32.7,2.19
1n8,direct,32,1,37.7,41.5,40.1,43.5,77.8,85.0,20.8,21.6,19.1,19.8,39.9,41.4,1.95
1n8,direct,32,2,37.7,41.7,39.7,43.4,77.4,85.2,20.7,21.4,19.1,19.7,39.8,41.1,1.95
1n8,direct,32,3,37.5,46.5,40.2,52.9,77.7,99.4,20.7,21.3,19.1,19.7,39.8,41.1,1.95
1n8,direct,64,1,44.6,48.0,52.2,55.4,96.8,103.5,30.9,31.7,28.5,29.9,59.4,61.7,1.63
1n8,direct,64,2,45.1,53.1,53.5,67.5,98.6,120.6,30.8,31.6,28.3,29.4,59.1,61.1,1.67
1n8,direct,64,3,44.9,48.6,53.8,57.6,98.7,106.2,30.8,31.6,28.4,29.7,59.2,61.3,1.67
1n8,direct,128,1,68.3,72.7,88.5,95.3,156.9,168.0,52.2,54.0,43.4,45.3,95.6,99.2,1.64
1n8,direct,128,2,63.7,70.8,82.3,91.0,146.0,161.8,52.2,53.8,43.4,45.1,95.7,98.9,1.53
1n8,direct,128,3,63.4,66.7,79.8,83.4,143.2,150.1,52.3,54.0,43.5,45.3,95.7,99.3,1.50
